CLGVZL,1.54
CLKRXQ,2.26
OVKAIV,2.57
JGVUWR,1.85
MJYRXZ,1.73
JKMATL,2.24
VMYLWH,1.70
CTMMGY,2.00
TVHCHP,1.87
IJYJIH,2.64
SUWCJG,2.20
GLUABQ,1.84
WEETCM,2.12
GLTNMS,2.76
VCQGWV,3.19
YCRFMZ,1.78
WDXCYD,2.03
RLUHWI,2.72
GVACNE,2.95
DKJPKM,2.87
RAKVBS,1.64
TDKWXT,2.78
MAHVAY,1.96
NXCVSR,3.17
BZEQTA,1.57
ATPHIZ,1.94
IZQCCX,2.15
DVQQKC,3.06
OEDADG,2.10
VCYHDC,2.19
Banana,2.92
JAQDIM,3.17
LIANZR,2.51
LLUTYY,2.99
PCCYCV,3.04
ARHEWZ,2.68
YXCIWT,2.66
KYHAOJ,1.65
XBSGLE,2.72
WJVMRT,2.67
XOQDXG,2.89
XNAAGB,2.99
RRANDV,2.79
ROIFAD,3.07
AZSOHM,1.99
OKNICI,1.77
UADWZO,2.26
KGCENZ,2.24
LEYVUD,2.61
ASCHXU,2.90
PTLPLB,2.95
IOACLQ,3.11
VRQKYO,2.00
GTLRJK,2.26
OBKEIS,2.65
OTRYMU,1.82
LEIJAX,2.20
NXBVSE,1.88
FVSQEG,1.68
JHHEWR,2.01
HHINJQ,1.97
MKMHFB,2.01
MBHWTU,3.06
FHSRUJ,2.16
LFKTOU,2.49
KEXWCM,3.02
JJNYFX,3.20
TJZBKT,2.60
XDERXR,2.60
JUPDHF,3.20
BGEMUR,1.87
OVECNW,3.10
NPDHHF,2.49
YZHYXD,3.14
JRCVAA,1.55
FBRCEO,1.99
FBBAIR,2.53
FHHNUG,1.95
QTKSEQ,2.99
WVWSPI,2.53
DZUCCC,2.36
OAARVS,2.81
DRHCNW,2.55
WOIEBG,3.11
NJEIIU,2.54
OJQVLZ,2.81
PZWAWT,1.58
LRIQYJ,2.49
UWMXTB,2.92
KIJHZU,3.13
QGOQBE,1.95
AAUDSE,1.71
WNKJFH,2.73
NZRUPJ,1.82
FYYXNH,2.63
IMUDRK,2.76
GPNBDQ,2.32
QBGGCF,1.81
XDLKQK,2.01
XOPHDW,2.31
MYGILX,1.53
TEOGJZ,2.73
IPKOND,2.18
WSYKLX,3.11
DRBXWC,3.15
ROLRXB,3.18
MMOGXN,2.71
RAAODS,3.00
OSPJBA,2.16
ZVZLFK,3.22
WODVYH,2.74
EIYLJY,2.59
JBUQVM,1.81
CVGKHZ,3.04
GAZFVS,1.91
UNNVMA,1.55
FNQCJL,2.87
YNTBIO,2.43
QOOTGH,2.57
XLCFRU,2.03
EAFFHF,2.33
HOHAIK,2.51
ABKCPS,2.66
BVYRYK,2.14
BEQGFU,2.13
ZUHXNJ,2.65
MTWODQ,3.12
DKSOSU,2.56
MAKQUU,2.76
DOEZJV,1.89
HSSSOZ,1.61
MPNQYS,2.58
ZRMJOH,2.77
DKLRAX,3.12
QWGXSE,3.16
DUVWON,1.94
GYMWTH,2.44
EOZVWI,1.74
LDBZOM,3.17
OHPUJI,1.76
CTGNUT,1.78
TUEBOV,1.64
ZKIUDV,2.14
DSECEW,1.66
BTYNZR,1.90
SPFEHX,1.68
WELUUO,2.70
MFYJNB,2.60
MXPFIK,3.05
TYOANV,2.70
CLEYOR,3.02
SQLOBP,2.93
OWKHKC,2.73
SSKBRF,1.90
BSBDID,1.69
UXBOSE,2.38
WYJFPF,2.18
BDPHLZ,1.56
ZSJFJT,3.12
PZMOLB,1.89
GMFRED,2.52
JDSTLY,2.57
KTWNNW,2.70
RWVSRH,2.50
SYOOVA,2.52
FCPLKR,1.77
MBLAUG,2.53
RHNEBR,1.62
IPMQZP,2.04
QWXFXO,1.70
ITZQHF,2.34
IQISUJ,2.28
ABQKZY,1.86
SIZOWR,2.82
KIPVYF,2.09
TPCEKL,3.04
LTZDMP,3.10
LXAARE,3.09
FDIUWY,2.69
HZYFAE,2.99
WHSMGB,2.97
SPXAHQ,2.54
JMQCBV,1.94
LUMFOS,1.98
RJRKXG,2.76
QOWPZD,2.73
LBAFMP,2.53
DWMQSM,3.15
YGLVFU,2.07
OKMSLW,2.61
OKJXFC,1.70
PKLSPW,2.63
WGTEFJ,1.95
UNJIFB,2.93
ZUHWAS,1.96
GBXGFH,1.66
WBYJDW,2.56
ICGBHJ,2.96
XSBSJC,1.85
YWORHS,1.95
KJNMZX,1.53
UEXVRR,2.24
RXSBBR,1.88
TUVSAW,3.14
ECSYBF,1.71
SVUBOH,2.47
EFIVQR,2.95
QKXPTK,1.78
UTYLAL,3.16
HPDWFX,2.73
SFIRQK,3.08
QBSECX,2.36
QZEVCZ,2.14
JUKSBS,3.01
TPHDCU,3.17
NNONEI,2.20
ZYPBSN,2.75
RPDSQU,2.70
TRBCQV,2.90
AWSLPN,2.73
XBPCLP,2.01
AMWKML,1.99
EQYLTD,2.15
IBXINK,2.29
RINHCR,1.88
CQCGFU,1.62
KYNANA,2.24
QDLVYC,2.84
GRJCPG,2.40
VTICAR,2.73
FQWXAM,2.04
FUIZJG,3.03
CCUKRP,3.00
GVVFBX,1.93
JNWNCE,2.47
EPEERG,3.21
CRTBMF,2.62
QEFBPN,2.41
YIHMMJ,2.38
KJIDRU,2.59
OAKCXA,2.34
SSIDDX,2.12
ULPGLI,2.28
KLDGJR,1.67
QJYQIK,1.71
JHHMRX,1.92
KDIGYL,1.56
PNENOD,2.36
GYGEKO,1.72
LDAWST,1.68
HUIEQQ,3.08
TQDVEX,2.16
SJQRWA,2.23
FUZBXA,1.63
VVMMWC,2.20
QUCWJH,2.48
AFLHZH,2.99
RUYIEX,2.48
KLWXFV,2.18
OKFPAB,2.74
FMZYIL,2.35
HVKUGY,2.09
ZLOCFV,2.91
NXSQIM,2.87
MOLLFK,2.17
TEUDFX,2.17
KEVVXZ,2.65
DATAXH,2.68
XJAXHF,2.80
URWBWL,2.53
TYUMOZ,2.41
XSHDSI,3.17
ZZTGYR,2.09
BXNMKS,3.24
UKZYGH,2.34
KBRGRS,2.17
FSGRWW,1.62
VMHFSI,3.00
YQEBRB,2.76
CQXKTI,2.74
RGJZJS,1.82
ANJMJO,2.72
BPZFON,2.35
FSWMUS,2.04
XUZZHJ,2.55
MEVAOY,2.27
HPHQFK,2.17
HXYRPT,2.10
ZDXQYD,2.00
TVEGEJ,3.01
BHKYXG,1.97
ESZOTL,2.59
POWBFK,1.84
VSHMYH,1.55
SEHAAP,3.14
HXDRMG,2.51
USEOUU,2.73
RMWECT,2.39
UVYLAT,1.71
JJCKKI,2.76
XFXXFS,3.16
CJGHQV,1.89
VUALPD,2.89
SPVCUF,2.44
WVTYEO,2.35
QDPDBN,1.58
SQNTPV,1.82
PYAGYJ,2.95
ANVIXV,1.74
PIMVZI,2.68
NGRRAU,1.57
JCCEAV,2.58
OXVMLG,2.73
CAZRGS,3.16
HYETKH,2.99
KKQPTL,1.55
FFXFNP,2.17
BGHCIP,2.13
APSPCJ,3.02
LHXOFP,3.18
HDFFTJ,2.39
ZBUFBN,2.56
OSPFTB,2.57
OOHNAP,1.53
Apple,1.55
SNHNXP,2.94
WXVGFC,2.33
RHFFYA,2.79
IQIUPP,3.01
GCAGVH,2.66
KLZLWG,2.92
IHUGEE,2.25
SHKWIF,3.08
QYOCTY,2.05
MWNAUE,2.47
HJDFPN,2.30
TDPDVJ,2.84
JBHQQM,2.48
DFPKIZ,3.17
KGGGZZ,2.54
TFIOUG,1.64
SMCUQS,1.80
NPPWAL,2.64
ZMWESG,3.19
FUWEVG,1.75
NCKSQZ,1.73
RAUAZQ,2.35
QYNMQI,3.20
MGYNES,1.89
JJXEJM,3.12
XTLDEV,3.16
TMWIEN,3.19
AFXHWX,2.77
OLQPTC,2.19
BWLSHK,1.94
YAHKMB,2.74
HMZMVW,2.63
KBONDU,3.07
OFZUUZ,1.87
RNRYRD,1.59
JUKNPR,2.46
YPYKWY,3.20
VMJTPA,1.54
NVFWKL,1.63
WIIZAL,1.88
UYPSAW,2.09
AWKFTT,1.66
MOBAXA,2.72
LJOREB,3.07
YBZLIU,2.83
AOMNOT,2.91
FILULG,2.58
FUNDVD,2.62
TOKVTS,2.10
OBZBEX,3.10
IXWSEB,2.80
TAMKYZ,3.05
MJXPBJ,2.77
WULESS,2.93
XOXCPH,2.19
MBAAOM,3.06
KTRTOK,1.64
FFEHJP,2.60
BUAISZ,1.78
SEFPYH,3.18
USCIRJ,3.25
PMACDF,2.07
CARYZN,2.57
QRTZIP,2.77
ADJEBT,1.66
KBANBV,2.68
SDGZCR,1.96
XWGGJM,3.20
TSWCMA,2.65
CPOEYU,2.94
WQNLHK,2.30
VETDSI,2.39
UTOTQL,2.76
JWWCFI,2.93
WBFAZL,2.63
ZOBNEF,2.67
FGONOO,2.94
QUNOKY,1.66
QXNMLZ,1.53
ZIVNDG,3.11
BAOMOF,3.02
COIPCX,1.94
TBCTLR,2.25
BSUGES,2.86
WVDULD,1.50
OSAFQT,1.86
IOJQTB,2.53
UTEZMA,1.85
DMXKSO,2.66
LPOKSC,2.41
LLPFPN,2.66
YFEOCW,3.09
EKASAF,2.86
VHPFVY,2.58
UHLKXB,2.74